date,CO,NO_2,O_3,SO_2,PM10,PM25
2004-02-15,1.0682446122230165,79.18078195765074,12.400775814757099,20.510930078139697,51.81500398410168,27.801168740770684
2004-02-22,0.6829495418050257,59.86548746026082,21.75646742561666,13.175073021210562,28.5555066913528,18.071945740777114
2004-02-29,0.6079533875827258,55.101928092682975,31.068002960808787,11.54796316717239,15.116385817276594,11.207460301752938
2004-03-07,0.7464102561604368,69.56032293765391,29.89458997285477,16.903426877799472,35.353642619664114,19.929010626753094
2004-03-14,0.5818206041537893,56.74153881637734,29.954483276332887,12.119739073254756,24.07001682353351,14.87489714431248
2004-03-21,0.6549051272339655,58.46953502575604,27.143495363263288,13.352462367533612,58.53211133660358,25.764722244961852
2004-03-28,0.4828908125407966,45.4139979918107,48.089358716824684,9.683806335678554,15.615577187887244,10.867698438492623
2004-04-04,0.5915000833334714,53.48593613308921,38.88060695651383,9.522769679579369,17.300782223350662,12.639559216003294
2004-04-11,0.5010516556240648,45.710824295491285,52.2092730761689,9.747554041992242,23.49153288057336,12.825306125897539
2004-04-18,0.4687956957728686,46.972234195029294,49.879459617013886,9.258889597734893,25.33640238347944,14.595878693309366
2004-04-25,0.5143953293108725,47.56042216302021,46.87525412212921,8.970375256381535,22.160613545553847,13.237477307974489
2004-05-02,0.5063724426507562,56.84304055579399,45.95212220226547,7.9313858318399175,25.7841658910088,15.19957056812216
2004-05-09,0.4719086990225377,48.7665080249429,52.93047139246086,8.048634341493923,17.579969282976688,11.414579093743482
2004-05-16,0.4875858966879983,54.3169425266026,46.83288933104158,7.538209246413804,21.125590852051104,14.670150930649026
2004-05-23,0.4489969776766269,61.69882862480121,46.87108814271064,7.3650320489467465,28.468556774775863,15.875334465314472
2004-05-30,0.5402387350353651,66.85882190880186,29.56758200242788,7.253850241032974,28.24365596742693,18.156852329382158
2004-06-06,0.4570040283163994,59.232411456512786,48.6328871891139,7.467134988279416,30.981246773355235,16.33371454940226
2004-06-13,0.3999181925421379,59.596415051206435,48.160323453907786,6.538476567119683,44.119104432317535,21.820999172877286
2004-06-20,0.3946648424892584,51.42647713900903,62.98213435617575,6.341329827701823,28.12926941227783,16.080303292020375
2004-06-27,0.4410583948359281,55.42041409912075,41.255555031219785,6.86569679512201,30.45871995050933,18.655107720909207
2004-07-04,0.5033336972734584,69.69457856213117,55.80435514379838,7.754746792089258,44.388767822954456,24.003806330155918
2004-07-11,0.40188998757961336,50.972143352155456,47.44775615259615,6.683811484585313,35.356606952405755,18.502509744225872
2004-07-18,0.3990772156462346,54.807889500899236,54.79549838571076,6.8433759131001555,34.58502612631882,20.131380533176113
2004-07-25,0.5192633958968567,68.43416443443407,39.33710013085753,8.13032803269347,69.76376438555022,33.24177973033973
2004-08-01,0.4523044737178867,63.915076262324526,59.4036774980892,7.455516689225769,48.293853223023326,26.277646726501636
2004-08-08,0.37690477681903306,50.5174339497259,52.98644682033732,6.541804299217486,36.49936487743147,20.329321973027067
2004-08-15,0.3608378203233512,46.12674372903408,42.86806302356854,5.940087397002539,23.116099518439835,12.902010693339438
2004-08-22,0.30756602576324865,38.94815177269774,40.940664793835296,5.677908872391932,20.35650124473227,11.177332053083479
2004-08-29,0.5242843099583966,70.4016871276416,48.60144749084234,8.314905579507299,43.00482881499177,22.383981720081906
2004-09-05,0.4240993738301034,56.677804111672316,35.13171558880723,7.20384266267122,49.11551250884047,22.544463548022414
2004-09-12,0.4543195050741941,54.59205299657157,39.06924352134586,6.8564965177874635,49.49554986233328,24.30597364851179
2004-09-19,0.691416941152582,71.83544307847572,34.18016893760993,9.264960709175538,39.27995547013729,21.102868112583398
2004-09-26,0.5724663551365913,63.16483671216189,34.70869187578744,8.625331398740354,35.65296906531344,18.674966021502172
2004-10-03,0.9695203594339744,90.11602912102224,26.626880354829453,12.632613603572153,55.71920010655954,29.105733846111523
2004-10-10,0.7329644602411045,70.38337022189833,27.66783598238889,10.039690634943335,52.97053280129862,24.152301255550213
2004-10-17,0.4849156436097945,50.0988272709556,33.72924886975914,7.292748724407003,16.381147746900467,9.910900307470792
2004-10-24,0.7451850805296313,60.80913833850828,15.161625007995402,8.691828067001632,33.92954126847753,22.527354358264628
2004-10-31,0.5951454207759636,56.00868276873625,21.986104809864827,7.760532872755941,17.111886692779766,12.947917952079349
2004-11-07,0.8117008235591593,64.93690834696953,15.067533391383767,13.543483059685594,28.7490861022643,22.243415208888198
2004-11-14,0.6892839356911823,57.7503693631429,22.72877069227533,13.870210904755561,21.036110973620428,14.800638812169636
2004-11-21,1.333441628486952,89.25508685598001,8.392051416786654,22.95953124116954,50.69267775885636,34.04665958861104
2004-11-28,1.3923917267439032,89.6948102430763,6.407372162726407,21.360615726772693,61.95681066047372,41.73631165394572
2004-12-05,0.6614212602116704,55.8665524111823,16.98472426065413,13.411025570954369,22.232867325591087,16.428071484275907
2004-12-12,1.101623784487455,65.50308313172347,11.672900025395288,20.195644116541796,35.41634377430327,22.212892226507364
2004-12-19,0.7502048148358493,63.68881073477864,18.756274726394185,16.155608761534136,27.191213726026287,17.806428568621424
2004-12-26,0.8540223728339814,63.30822397356412,20.416040429307774,17.189601586611627,23.800833376135486,15.225486803191648
2005-01-02,0.9626276551635126,69.7547045998758,17.35648628508508,20.277091582582386,30.72259356302243,19.728857364663924
2005-01-09,1.2048277467526431,80.70660325303929,11.212099950008893,23.999471919636893,37.720336605159346,24.208014463929807
2005-01-16,1.488045511965541,108.15640018940815,7.434491837740786,28.373231372441712,69.36552919371395,41.590176502153994
2005-01-23,1.1369399274712086,86.67668752944405,12.762710379336262,24.334358418144408,42.978184245577246,23.816695345945806
2005-01-30,0.6577349429057202,54.835227709407455,31.68271249972659,15.125888905545516,21.74587397555624,11.924757656596956
2005-02-06,0.7556202979778167,69.86371617911419,23.245369293861014,17.24982989637661,29.96103532589532,16.066019361800684
2005-02-13,0.952942368219344,81.66436314146742,18.45111774069976,19.196045230621337,37.093223185904776,21.232953882592472
2005-02-20,0.6573068670694623,60.572285654605686,34.11688216075876,14.375190462150252,20.31161486453381,14.310775227891176
2005-02-27,0.6335140403907323,61.87549214221198,34.969451048152735,12.817066546227087,17.817379751394295,13.976928155717195
2005-03-06,0.5777229847901603,54.61284046097896,41.56574797664079,13.435383768667275,20.245133217895717,13.743301452460635
2005-03-13,0.8360923062940897,85.56303186094424,25.931112322596093,19.414653328998945,39.018179000141664,23.564960683309504
2005-03-20,0.6479966105054041,66.01622761944796,28.69516520026617,13.603082948148202,63.18143707877291,28.92218004450912
2005-03-27,0.4595655671481701,42.968155385182534,39.98739994585454,9.208909827768126,33.94228777541683,16.983325892083702
2005-04-03,0.5498595233715137,51.03021106828812,37.04701398707589,9.376908850990109,22.56126678926664,14.3083088920344
2005-04-10,0.5254990838642057,51.7015816037144,45.92898412469108,8.780531460127863,23.445216062536225,15.112093956330092
2005-04-17,0.5061551275486024,48.93652294960804,52.75892004466256,9.516010651721123,19.507211973182336,12.506654959602828
2005-04-24,0.4687242537627113,41.42259438736169,50.89594612901939,8.101478778912442,18.84722789700329,10.870381600685976
2005-05-01,0.5932926583141349,68.80713832597935,48.74490423390317,9.35103742293725,39.18562334456211,18.64574407577692
2005-05-08,0.43413442405029423,45.77108024447051,58.04120515761571,7.580912951228898,24.67659282425968,12.616375425108233
2005-05-15,0.4284379959239747,43.172715395046644,44.800223208692856,7.395374225545466,24.11776677849472,13.032850760865172
2005-05-22,0.5355541749820113,57.61601989588133,44.033218345434186,8.359616090025849,25.18080133350285,15.014486610857752
2005-05-29,0.509052902259284,63.421857177953605,47.751030946320476,8.740003665934559,43.77248091557307,20.491281884297933
2005-06-05,0.4236940931406905,51.36675330897154,41.70355997427817,7.863226294370144,35.24493486767286,19.08774130094095
2005-06-12,0.4361291228587565,57.05950425132017,53.38010945827399,8.273165677766789,33.643627317791506,16.984054007301374
2005-06-19,0.4076178698684252,53.93696678390592,55.886141437167204,7.921112357257881,31.16164949173137,17.714351618417503
2005-06-26,0.3992838091689484,55.24296105488743,47.86841709535314,7.908366255223631,35.795064350670565,20.421040248898727
2005-07-03,0.4778112101482063,55.14263366216996,48.158119633865326,8.117199244720856,35.64236834242692,19.416387119476184
2005-07-10,0.3996929641170263,42.935167976960685,56.511826893086855,7.953321289448594,31.274846037194372,17.253252540328575
2005-07-17,0.5634250167018087,65.00388001362782,60.996223233950566,9.146032860859927,44.97801926134935,23.948782600052734
2005-07-24,0.5061089707392455,61.038474074551075,64.91357466187876,8.518931449320823,44.995342324930114,26.024229372667822
2005-07-31,0.3636153855177988,39.914502701122046,46.27930093408278,7.259916648109492,25.554892938522038,12.709130526026142
2005-08-07,0.4752540670592883,52.44922441216654,51.73832464609892,8.317398888172372,33.35162305216329,17.997030888263836
2005-08-14,0.4589773894230393,50.499380070511634,43.456471257561674,8.346519418311367,44.13230615560364,22.090997020986414
2005-08-21,0.4222368870182605,45.04957726889616,49.533978668947476,7.7729929840931025,42.03068714651455,21.474789180157206
2005-08-28,0.4957104033240136,54.46212173736426,43.83964020672859,8.36645473810173,37.437605717543505,20.783739356906946
2005-09-04,0.5017216611826546,58.29839551157968,38.419862784896395,8.411199215029589,48.950555941234654,23.452293789216963
2005-09-11,0.4170435424555857,36.823488850778034,38.905295796076935,7.071011873210553,25.431441822464837,12.793028977030122
2005-09-18,0.5936572413211356,57.335310643041296,36.04390821495427,8.828374709369465,35.92156000726881,17.687267211341887
2005-09-25,0.8001280423689511,84.39331437300774,27.932518422183094,11.349196427277164,50.26990004062056,24.258409513709665
2005-10-02,0.6948555548483737,68.00959665390835,29.31776527155782,9.546010297984028,40.11543606194017,18.696301012223927
2005-10-09,0.8603155747679077,82.20713436478594,23.60352880697148,10.622535175157116,52.16271330694777,23.721620971020183
2005-10-16,0.5617452758705126,55.87733718573746,19.891680972592226,7.096283574626062,24.971581606104163,14.599450474985096
2005-10-23,0.6353791659502754,58.80078461374057,17.0529833231739,7.689296657156856,26.634531068352604,16.196603951772964
2005-10-30,0.7790940473311844,66.07287863806116,15.126291656184087,9.234687630772962,40.35041951466013,22.406644341630894
2005-11-06,0.8235455348800926,65.48923574340957,18.650794541072237,11.442500759597927,31.83125283702441,17.659045491792053
2005-11-13,0.726572773625433,63.25606221085983,21.18817891867592,12.516989040869401,26.159948473274113,14.349451187199787
2005-11-20,0.9755619038455188,78.81095981640756,11.531043459282731,14.137206705830149,41.34157655032442,25.373786529692953
2005-11-27,0.7431216656705694,63.2061789122706,19.6755965215024,14.554973472722711,33.00064251378477,16.161227680229565
2005-12-04,0.6664528222007843,60.05002763152853,21.615916926038267,12.83600749764032,24.542196800373105,14.236987666182575
2005-12-11,0.9217640688910964,76.20711288551126,17.447056615811643,18.22488972917654,35.37163200900448,19.29501381344764
2005-12-18,0.9890691361681071,83.6630154098303,13.968346412225593,19.338254863186464,38.729546993426474,20.74643249035752
2005-12-25,0.9994384058188132,86.08912192125898,11.050605384954894,20.09331932103023,35.769821624419805,20.43532204614686
2006-01-01,0.6313872414928297,54.93666789340924,21.571296201398305,12.28532032637842,19.052240013992733,11.881393500578392
2006-01-08,0.7231835524260415,65.86816457068966,17.546434795184695,14.082053563643946,22.822229224187623,14.435975783593245
2006-01-15,0.8389893099156125,76.19220565917729,13.980717372673734,14.909974814487462,31.455841479638416,18.679527019492678
2006-01-22,0.8241062793749583,69.45959952269281,13.573535221588664,14.777402281309216,30.231293133142792,17.94144770494808
2006-01-29,0.73279217744437,66.7479992176456,19.920367278601802,14.724515216605635,29.393413379151202,16.670408152411284
2006-02-05,1.1068368846428702,87.81739222813002,13.163079316624875,20.78383515399963,45.5682087915175,24.914734941153302
2006-02-12,1.2042443051019271,105.6004727415025,8.513754945630364,25.951143960299934,67.9032481169848,32.44995638766155
2006-02-19,0.771936646530781,63.340752401060364,24.149963773084487,15.099959795285342,38.578973277842046,18.434232535495376
2006-02-26,0.652246022918089,53.544298011220604,28.417231795244174,11.576094740106473,18.28368402404209,11.296498017820644
2006-03-05,0.6520236911473535,56.2565766904188,31.452457430444536,12.902965677550856,27.89739766973556,15.118068315413135
2006-03-12,0.5621305886363098,46.63495215463004,29.979474079646806,12.546567074299436,26.45290798396093,13.978065490046859
2006-03-19,0.6635677614254109,63.52989687482301,23.13918888037993,13.124547707421002,44.052921534180356,21.65025189536668
2006-03-26,0.5437897704274727,43.324598104673754,36.50766911567733,9.519340567995089,23.287998622910546,12.805502250904635
2006-04-02,0.5981794645723617,51.958542321906755,29.607796091304632,10.367842305348832,34.4143016113365,16.465237385320922
2006-04-09,0.5359315880612245,57.752480411008456,33.85691360258953,9.06738799828494,31.60383041091514,15.98221797859316
2006-04-16,0.457142317260431,46.1732638378392,45.104341760509435,8.343133610871249,24.03328545917193,12.094311231303784
2006-04-23,0.5155771449119279,54.538095997491205,33.3944866506986,8.427359114483338,25.565103521068696,14.15963718602582
2006-04-30,0.4864857024983021,54.185300883004494,46.44706622077565,8.394282442650264,35.9852579677031,17.128842424393508
2006-05-07,0.463315324762405,53.81637241453806,39.304853831424325,7.35832023896038,31.965417382987876,17.532345525092556
2006-05-14,0.5053240473485443,61.977191218349546,43.63137551468058,7.879060718032905,39.15012216624033,19.518801044241904
2006-05-21,0.4855413601820465,58.855063383625094,40.667239951968,8.03443787369698,44.58771902760632,20.044734407234905
2006-05-28,0.4590953842507098,58.39689973723389,46.652172085518856,8.30510536318307,47.6627164144693,21.09497080317228
2006-06-04,0.4017107873805718,48.354270909533966,58.49236860199415,8.07612357734057,38.133991860148136,16.271451251796716
2006-06-11,0.44960379945962814,69.01186636771148,47.77228861425607,8.48270394405647,49.909621240829246,23.33823413640059
2006-06-18,0.3443851188046392,49.43253838697423,58.696779057195066,7.514964831229437,40.76297696750397,19.565885748476
2006-06-25,0.4006884913635996,61.85239944701736,52.0335109719287,8.173932728493183,44.61340855829277,25.29455500935752
2006-07-02,0.44519613033835015,62.08060111284671,56.30033834138346,8.908992925771273,42.34296352652945,23.151292529100736
2006-07-09,0.4168277771035137,53.482536966573704,60.12889857893641,8.63549798424478,40.77110056655764,21.84929988774852
2006-07-16,0.4187329531174573,64.44032619079022,58.908301020407954,8.692257647715628,53.43585899301241,26.310871889247913
2006-07-23,0.3854562425921559,59.6171694861541,55.92512372053155,8.297647455141423,48.876520655647326,24.12970054189332
2006-07-30,0.4536626546134026,62.672352981067355,52.513209496738526,9.092118220541604,43.44466706597396,20.95556320490953
2006-08-06,0.3514348211772333,41.882209113593454,56.64962969427007,8.138088205819152,31.22110830861723,13.98019530142651
2006-08-13,0.3605479161629807,41.6173166300737,69.94205973555158,7.726637370996682,32.25268930811925,14.747131218026281
2006-08-20,0.3554957335570916,36.74681632029653,56.72973269959631,7.605578787751441,31.7723893749796,15.236352049701269
2006-08-27,0.41427490061487177,58.09008288298982,53.52656830218476,8.763103890054712,38.89443861495898,18.75990999447785
2006-09-03,0.5144993479698791,74.5260361502353,39.33655213029026,10.176800129314627,51.314819263038615,23.859017574280305
2006-09-10,0.4154173392295872,65.48832498081198,41.79848551377735,8.944547197556574,50.34920620071666,23.41479439287702
2006-09-17,0.41674037660435137,49.68735887985381,38.06387812035915,8.325996474180581,31.28060159657271,16.802433958465475
2006-09-24,0.5067040579581951,59.74888908246075,32.599002128322645,9.51555436868698,38.686612661153404,18.483491795558194
2006-10-01,0.4705997017054406,52.80892271650968,31.34706736910357,8.441375406577489,30.64683575760475,15.368102336044755
2006-10-08,0.5402870033777484,58.6411885949371,27.42805677431416,8.838192071467976,34.67738065102736,16.253051318900653
2006-10-15,0.5705502972075543,62.84878366896508,31.063121545521973,8.995982233055367,40.58474965701284,19.33800878678184
2006-10-22,0.4571644838656931,53.079762660075254,24.77363798860939,7.257894279337986,22.69518443725375,13.510510219383542
2006-10-29,0.6553186502138391,62.34035768873607,18.2348314505731,8.999084165233635,44.47849987227331,21.567327105961827
2006-11-05,0.660468451749526,65.73626626712901,16.053642265778922,9.626627836773164,44.12282120426443,21.174302725945005
2006-11-12,0.7200476181453892,64.33397998071206,18.172897260647442,11.354927256143398,33.596618720383674,18.316982674321615
2006-11-19,0.7718956340325347,73.79209896677095,14.540049393111982,11.961251868475587,40.24762574914535,21.40672196564422
2006-11-26,0.5252602996220109,53.423635981214225,22.94075385848772,8.152061475493289,22.785338071838044,12.46771822177938
2006-12-03,0.7425762372132552,71.17700840135909,10.85872493019313,12.090786259257307,38.31433862296653,18.83778769457016
2006-12-10,0.480762192480123,43.89163352339511,30.38016522024566,8.614757103875409,14.217938009082944,7.992807551931229
2006-12-17,0.9937218848916328,84.45758560660344,10.898589941605083,19.014126289151033,51.72075496047852,24.280214019871558
2006-12-24,0.787256727592854,72.73619052160355,16.082258265727724,17.00242857109932,32.97957723060873,17.84580923143833
2006-12-31,0.9092037209812543,85.57021583104891,10.572279200274826,20.82672271163691,43.283075163590276,24.57540958244648
2007-01-07,0.9525719918985516,78.87062963996615,8.03284996546476,18.02364592813311,47.77222221698864,28.99850622880486
2007-01-14,1.0280933551898392,79.26706356252942,8.494645122170603,19.13562411049529,49.988665070595246,24.058284553378602
2007-01-21,0.8776488078916932,67.61666423027481,9.609984330571539,15.56149266255754,53.02688559799443,28.166583630141908
2007-01-28,0.5587695266651092,49.43836560182073,27.795854743602234,13.903830460669507,22.27830468931554,10.420728816682484
2007-02-04,0.7669285237512197,70.17178471523616,13.615211494261668,16.392606937014868,40.25148621662144,20.35873086017487
2007-02-11,0.5649421224910497,48.30079139359413,25.024092208461205,11.902249295517569,25.82097360255225,14.318723423374806
2007-02-18,0.6087068273097246,50.71938677033077,27.24856122018713,13.164359327419875,29.26982162937051,13.322648794041806
2007-02-25,0.5912108265057013,51.791299127567385,28.533509191290637,12.357358235262689,26.74515494660254,14.764148602585252
2007-03-04,0.6185203744826002,56.048685212163065,26.74391538812326,13.434311492158432,33.74109497839005,17.0203146327439
2007-03-11,0.5088441087689048,54.8718150771232,39.62390358714621,12.050325993044035,25.639980965445925,11.83463967859517
2007-03-18,0.5649138891707218,72.11698183381368,35.96576356347522,14.346769750671726,42.168006381704686,20.456455173541087
2007-03-25,0.4448677089645519,47.508724030731585,48.15936671075733,11.88693137411972,22.785055400728396,11.03647163420358
2007-04-01,0.4810893478456385,53.436582002925434,41.40436767065636,11.237189056127718,22.674618327128183,13.877689206738305
2007-04-08,0.4447345152269159,47.264175269092824,51.06414678251122,10.033362632340893,18.908892572964298,11.950171137583398
2007-04-15,0.4949492097466226,59.69872037163802,39.681296756067404,9.642214199220524,27.423847391952343,16.69304956331883
2007-04-22,0.4690719884738734,63.979224454168865,45.133275196208174,8.03524349855525,36.63563529816558,20.847901780823513
2007-04-29,0.4609351832530978,70.63047826544998,36.320603944223954,7.312508848767289,38.912344960109856,19.38053677809507
2007-05-06,0.3926815902371989,51.517234430019435,51.80603892307018,6.713506692182887,17.548993119283036,11.649509987394724
2007-05-13,0.4440651956958592,67.6789620859042,44.216077913157555,7.447918132380905,41.310477914360426,20.817070227851264
2007-05-20,0.36779438369507983,51.573832745508426,40.2361016059177,6.826430310212866,24.93070168681233,13.44524340849167
2007-05-27,0.43818020983542894,64.73134518700202,31.255110029621196,6.564073991308282,28.687580212834984,17.11840028746598
2007-06-03,0.3674513672767044,48.997602262710934,47.198054146133614,6.479897342413769,22.27416794529218,13.518732995593126
2007-06-10,0.4148695510669256,67.08351779108521,51.090686595847394,7.407627089082358,34.65506000081915,19.92996383350672
2007-06-17,0.3384561254044631,46.64350713479361,35.64942339917044,6.580173811462403,20.990292846803392,11.408325907444821
2007-06-24,0.36622590136375416,56.29553537884964,42.77837560751141,7.25283140532834,24.36325290206059,13.400716413439689
2007-07-01,0.3541751655645215,59.37863536360428,48.81406202900384,7.539839101088783,28.710026092048942,14.369435582018529
2007-07-08,0.3064166017579207,47.60100806589747,49.9335584774425,6.954889378224733,29.715547556976475,13.598870098426127
2007-07-15,0.3155292440649301,47.12448105748539,52.20462559993121,7.496276102578026,34.50473855101876,14.949512122870507
2007-07-22,0.3034522732628952,41.81196335853894,54.82388510233724,7.1944299418279964,28.660219136015844,13.321810542966945
2007-07-29,0.3473773935450281,54.351958176750564,51.24415602035807,8.152122911565982,38.02397251853685,17.81225550853248
2007-08-05,0.3415027605035265,55.645931417394024,49.41266659824139,7.846331852877894,53.82183689635969,23.433796797999417
2007-08-12,0.26116448853192964,41.4309302527695,59.16047775063838,7.015875186173741,27.201368690137453,13.322486527929346
2007-08-19,0.24910768200581496,38.4156166992574,57.566374754635646,7.180630859637654,27.66312514902471,12.915344412191489
2007-08-26,0.21583214714855084,30.052537633551783,52.02147517588215,6.481432326353079,28.19341857064873,12.644973419701723
2007-09-02,0.3377480156144998,50.802010616671026,57.849150980487735,7.485453301133256,43.79154509392049,21.648310993635462
2007-09-09,0.3618819891816324,56.79883012399353,49.53567776462813,7.2069736483540305,34.075581739857284,16.280288049400006
2007-09-16,0.33942751479558464,56.1480923578285,42.853972158947954,6.167414470983071,41.693215216937524,20.79854802519944
2007-09-23,0.3326585732937509,52.425244382391575,35.754181925353535,6.105389813216514,36.631932501407256,20.02462300796763
2007-09-30,0.3623536899295163,56.92043234596467,32.930975081717655,6.71650530972105,27.111880627945894,14.663339724688203
2007-10-07,0.438834540386201,62.21419356662275,18.200881994667593,6.871399453655702,29.750574235920876,18.77317708209284
2007-10-14,0.4021914894469049,55.88354595189708,33.195378044002574,6.842315409543384,23.98119372286854,15.184470662897839
2007-10-21,0.5007469583540105,73.06475354678466,23.429884110532345,8.323285796571161,39.284001295305664,21.75893601445722
2007-10-28,0.4773757754375102,66.07196490306994,22.06720537539759,9.91017539922644,33.94149180897336,19.89692389332138
2007-11-04,0.5462658021815315,66.17929313648898,25.721505614324908,14.092429426587909,32.475204486724955,17.710884348007845
2007-11-11,0.8829970110642782,100.29007370899588,14.53229714063435,20.989478874665412,54.79632893330416,28.837003581016802
2007-11-18,0.7124438184276558,90.0705698718161,16.05854778860921,19.747708323289338,45.00423371659161,22.01165607581739
2007-11-25,0.5283551342901567,64.18572786046035,18.69327036349845,13.856250024824348,28.141888084384426,17.300601629793743
2007-12-02,0.698136537516602,78.40281287242205,11.988424472534563,18.851281518216396,38.43873522252081,20.631903672654207
2007-12-09,0.8167571381418235,77.53652859825941,10.566471570833238,19.478131511180827,45.26700524178179,26.255587762266046
2007-12-16,0.7626970101676462,89.27033433613754,14.392738138746306,21.809558775049414,41.21200155969941,19.802448919042945
2007-12-23,0.5053578971541802,62.28514347659364,16.67113764990828,15.79350301809363,23.3911754873102,13.336331849562981
2007-12-30,0.6389097009815483,69.94378727180612,12.397219014586895,18.803362184544625,31.92496402429245,18.522344806725727
2008-01-06,0.4912921622324372,57.55419649838532,17.500378742472474,14.450858289079786,21.60472485380641,14.178712785326345
2008-01-13,0.4912396179096753,54.68587089530162,16.67883951574417,13.3272257653407,25.25022402902612,15.192458190249866
2008-01-20,0.5392971441161099,57.86370526439821,21.402905285726188,14.991960220385554,28.943692060145665,16.059323955428642
2008-01-27,0.7205675244801559,80.57400213858142,13.636726095627575,20.386486630948482,47.28694253845857,23.80037837599714
2008-02-03,0.6658735735275936,81.37571754965153,14.826966291886865,19.191961226984034,39.9082066947815,19.6902519375352
2008-02-10,0.5862614297318631,69.18598940002173,20.035190664772067,16.570093487216226,30.169003487152395,15.875465582219922
2008-02-17,0.4669830480724554,60.62170554154861,29.23639724270333,14.702034784215744,32.170892138846305,16.080141361470197
2008-02-24,0.4359522725655032,57.101247975258474,25.445431149852023,12.09317765351508,21.00522105480561,12.959226195244307
2008-03-02,0.5901399269735768,69.90747634127462,17.228115188672387,14.479344336045525,34.690945705706326,19.760770624091684
2008-03-09,0.4312982011336442,54.479083522536754,37.40601100143579,12.163993777037756,23.51627453412946,11.875475133832564
2008-03-16,0.4492707256203387,53.22418637544939,35.41324192410283,11.432906639875073,27.172082733539227,13.529084118883507
2008-03-23,0.31533838020885224,34.20617385688507,54.45205505705768,9.220003935242712,14.770865297048587,7.762455355287307
2008-03-30,0.3661445936484684,43.29234244296673,47.51955490126301,9.86369047393756,20.787642539728154,11.221337668863793
2008-04-06,0.38791720517424655,55.23898120167781,44.8180871096277,8.722460441378116,23.4851706806977,11.721657096256257
2008-04-13,0.3433407736888585,46.720983862171686,46.94232138934589,7.713603481295563,20.850128767035184,11.701123497163765
2008-04-20,0.3476399672669589,46.68465257318029,49.43066517963771,7.719341846468684,20.18802160340233,9.75550171746207
2008-04-27,0.4056009919907534,57.69630732032258,44.51005428224908,8.155591932221864,26.05635025129213,14.266094839890952
2008-05-04,0.3266559911786889,48.03000750031226,60.77394783657696,7.093603205071705,26.04469789697465,12.333279129808297
2008-05-11,0.33540480490219554,51.85268112089172,50.95975566084425,6.990214558108383,25.831780320735632,13.061677291761251
2008-05-18,0.3143911748728282,44.5923211335656,48.64738267855984,6.775846521948282,17.153805247225748,9.543672409041653
2008-05-25,0.3403621031219022,47.41540298793781,39.80456567616483,7.184824631246892,18.98815226599399,10.727384153214999
2008-06-01,0.3375064699590901,47.8782292258914,46.71604946293692,7.084827565893584,18.428898778295736,11.585480430657615
2008-06-08,0.31760308814241955,42.91963663179358,53.33485266078087,6.9864036599423835,17.85446686774255,10.597403283129593
2008-06-15,0.3224584942503784,46.03394808346425,50.66498760032521,7.125493574334951,19.811652404997087,13.100953430408303
2008-06-22,0.33449501802267,52.28140357594353,55.50846670419533,7.262007876386062,26.624649194481357,15.569308048830091
2008-06-29,0.32395337287781195,55.707064355271186,72.64100641239195,7.1294872709082595,34.943124490739805,20.05219848865385
2008-07-06,0.3008127272124581,48.863350038917076,59.06731953407029,7.187613370965468,27.561631644718428,13.839645002943266
2008-07-13,0.3116880174618349,49.3671410909317,54.552740458775155,7.419360436204372,27.594073499866877,13.27120428909326
2008-07-20,0.3275023725757833,53.15016235294361,62.726147324568245,7.676228022612497,37.09690222654057,17.952780613168873
2008-07-27,0.2827777777630319,43.388248247443094,64.33431722326885,7.311823354520638,29.003546248109323,14.101785352098796
2008-08-03,0.3105854247056773,49.07115975078538,55.99617220935366,7.796555587926631,30.034298313061395,14.096873936262359
2008-08-10,0.3003344977009971,49.293167235078364,64.57855865709368,7.933058333514813,33.92704834094733,15.143794634955974
2008-08-17,0.25956306071181345,38.389204659911776,56.52977927864545,7.272645053220541,22.909035834939715,9.807177948188926
2008-08-24,0.2963410108046524,48.44894882636408,54.18609498587392,7.94681226937544,28.44941197931767,13.064385974469285
2008-08-31,0.30060990328719417,46.553988097351564,57.792190465927135,7.797914380719372,31.268074485258023,14.717498927028705
2008-09-07,0.2888223557974267,45.0393748398382,44.79463928575552,7.718144595009508,23.768437503734226,10.718391429453396
2008-09-14,0.2847403676511081,41.49522323437374,40.985080465636564,7.436293870036709,27.6059034007994,13.572273613251493
2008-09-21,0.4530182447145628,75.66875692367559,34.555083906437666,9.34234865912678,37.12413414874136,19.5059651512792
2008-09-28,0.3243765096713047,50.267954588263905,43.5783435270155,7.653977751128185,19.80915906341412,12.525420942293088
2008-10-05,0.4080304300796649,65.78419802560039,38.82299700734632,8.809158333823794,25.8078208366038,13.732663680710607
2008-10-12,0.3867236022388189,60.004610784975156,29.677809515720774,8.803855315304935,40.9002717829852,19.843058035309827
2008-10-19,0.4376670624444536,63.472380177393255,20.07110228332257,8.492652490232897,51.757397889559115,24.698127138485408
2008-10-26,0.383630952050651,54.06749283597583,30.625098987675944,9.086964284153208,26.42382957838512,13.43210885398376
2008-11-02,0.3902579643548287,53.42039116768591,29.80705983134164,9.820889034589934,15.453036548091605,10.04105444602212
2008-11-09,0.5512926538039395,65.1337274000205,16.839009534809634,13.424524261902892,24.03121751837213,16.51314625731942
2008-11-16,0.5912810556087291,70.50961291246942,18.6299865252105,15.146700485448026,25.14128091787951,16.705192720927233
2008-11-23,0.5111461270189671,60.59603045373685,23.825460434494715,15.594830356831595,21.57213105311694,13.51198131538708
2008-11-30,0.3913109353388529,48.9341617142066,30.65324594698116,12.408543253810633,15.32384500407156,9.96062783398528
2008-12-07,0.4075455249837778,51.405853186003725,24.32941957375403,11.885335423449678,15.954910930159347,12.037694176274636
2008-12-14,0.4357546343461641,56.778613301747406,24.065770901600782,12.4574396847354,15.49151560932711,10.788361673857882
2008-12-21,0.8318504136916038,92.12746609933792,13.359363896696413,22.094405952862346,35.23769517208716,22.900024097455066
2008-12-28,0.7093724107954203,80.82254845797068,16.331605860740442,22.31656596804422,28.70082546453835,19.399075976287847
2009-01-04,0.5178780812754704,61.479290770613964,15.138326328664274,16.197857342745582,24.169573742013828,15.77688634677742
2009-01-11,0.4521092126072687,57.198331643040255,23.51448888635408,14.92561071947454,15.616011480193414,11.608188494796655
2009-01-18,0.6848824811687756,87.24811417572083,11.808692636335973,19.539040669898192,33.25322689073645,21.513231289528647
2009-01-25,0.3236645960912309,38.854319035325744,37.24021956217239,11.675826191448033,11.170872693606302,6.6795758936731575
2009-02-01,0.3649611798940346,43.94365717220874,31.135347995444302,12.132680950108025,13.568460139120093,8.974583336551275
2009-02-08,0.4069716963734189,51.77464857908942,33.57647665517546,12.645201989979975,13.242915611700797,9.836949407389124
2009-02-15,0.4874730269269463,60.60565346302646,30.126374673183175,15.644192347696848,19.932804717230727,12.044732162697226
2009-02-22,0.5432838083995284,74.00152350255424,24.389263405363685,17.70312797194908,29.455921334761943,16.706569965814754
2009-03-01,0.5675764627188149,73.4745797571682,23.711091506683122,16.384690867477936,33.623069360482035,18.14704401018795
2009-03-08,0.3709573211946308,45.008024708500926,41.37273184920925,11.693670439436321,13.779430056836073,9.268943464649576
2009-03-15,0.5334782606534524,74.26355176626218,36.67787720491818,15.027161805071534,31.848534972370285,16.701236188576438
2009-03-22,0.4227525642805704,60.587239713574206,49.723460257259035,12.361654966369507,29.057897606428085,15.017289518917195
2009-03-29,0.4465049169571999,62.239873299333745,42.51344510585103,12.875366667452314,29.8329139606648,13.816041647478759
2009-04-05,0.4280934736005358,62.811940716902406,48.01550683478282,11.61577619947138,24.217240868736834,14.398163261569936
2009-04-12,0.33097790804455496,42.50026767813971,58.1316212909624,9.42315336756053,16.77402726891641,8.831734702795695
2009-04-19,0.3491364342294445,45.174666082244045,48.69131374564808,9.784059614993279,15.072213908395545,9.256977053555554
2009-04-26,0.4053431441094156,59.18512429662166,56.77835321567919,9.559043451235416,21.94622013461824,12.506732213971901
2009-05-03,0.3289959769008506,41.54182850130967,57.50558971193747,8.394440473091034,17.72520089140605,8.865704376090006
2009-05-10,0.33499449897120065,50.351824749891264,53.13322480709674,8.15047656691265,28.585486487565106,12.925074826844895
2009-05-17,0.30195526691330105,38.263758661023616,51.86972238001693,7.824999026789642,20.271697713017648,9.583662706116833
2009-05-24,0.3674009222117023,56.75019473555065,47.080301596239174,8.538718724148982,35.31882389754762,15.19376486541024
2009-05-31,0.3066314809014638,43.62964728407916,64.24752474747372,7.384804076833871,21.059243483561765,9.684769843613346
2009-06-07,0.2945021645224439,43.70620709260204,72.98153400215836,7.243388866369399,22.401093423843346,10.662763900522675
2009-06-14,0.3013609304078713,43.1745014861361,59.54119490242128,7.385168657268558,27.2689793607188,13.152369045371563
2009-06-21,0.3125167104737461,50.0613317107475,61.15570665588003,7.2449999319572225,28.946043546821524,15.091458328222005
2009-06-28,0.278663419843228,42.80523422534975,57.39440091176713,7.413388586493706,23.547877954826397,10.26751984516306
2009-07-05,0.2987574723891787,44.08069844367487,52.05760674050822,7.526908132556884,22.950014783832717,10.871432559866284
2009-07-12,0.2762881363752613,42.04613978424712,69.55141546249419,7.407292855694183,26.741254330949094,12.351230147989495
2009-07-19,0.2793317871353426,46.425311106832936,59.61501091233636,7.682331549529074,27.502333139504884,11.826291657085454
2009-07-26,0.30322987518292105,49.51234699412946,59.17441655637638,8.111227677691554,38.006463707200155,15.676742080232456
2009-08-02,0.2905844155874395,50.17490956567583,63.17766528182746,7.675542857419872,27.35087998736165,12.386646841076159
2009-08-09,0.2748295455703359,44.719132330270995,64.80152534826139,7.4645142845312735,29.121729016461078,13.014097230124564
2009-08-16,0.2660122914043459,42.890028361063145,68.0814827015949,7.3500658942753905,25.98953859074417,12.538327368573531
2009-08-23,0.3248929214906762,58.559044113297404,67.15355649593933,8.19059691543113,33.01507145461404,16.57381746818621
2009-08-30,0.3178745362412515,51.30937550797349,64.10812061863356,7.969082143013438,28.8857668685572,13.384136893091693
2009-09-06,0.31210124154208096,46.00534968113141,61.213892555464575,7.8277942506472264,34.05191397699542,15.12828968506721
2009-09-13,0.31923685842844496,50.35431544115125,67.87133497997682,7.717479245639039,29.89801718225211,14.676420622590985
2009-09-20,0.34736884155660497,49.05765883477433,50.46146964505726,7.567046628045659,18.011892618052038,9.477623021236019
2009-09-27,0.3455781022789792,55.466586620464675,55.68475665781581,7.681311213329197,23.789662025326017,13.223456333128224
2009-10-04,0.38666387073310904,62.43841355557253,41.481179980493,7.969869548621628,26.80344578120055,15.18175993412734
2009-10-11,0.41580420238495,62.72193089043585,27.236889027757076,8.765806869862413,27.01690060075382,12.656055552465096
2009-10-18,0.41282352856685794,61.671171695045,37.81935229734992,8.354284593474054,23.04082000253005,10.024313509677137
2009-10-25,0.4003583021405616,55.72356661365383,31.35825883121575,8.402130361504494,23.422028816542202,12.914809530772393
2009-11-01,0.6214022876516633,78.49863211892898,17.63917310108331,10.193894334194207,33.377399450040414,19.402174616959826
2009-11-08,0.3217609767870984,38.7318954476924,46.762481663018725,8.89405416528384,14.243276289564815,7.232091266472663
2009-11-15,0.4862283543553805,62.97605099218767,22.776915742607876,11.994186115179744,25.441610100350427,14.594843240850974
2009-11-22,0.6525105258863163,82.17011134478861,16.565803166915764,14.297914240513293,44.013600767917424,22.09835114928465
2009-11-29,0.531867689674386,71.834388400785,21.44394400071248,12.533881527125427,24.59193206876036,13.571916662493631
2009-12-06,0.3896462505292722,48.28620789121661,28.526922132648235,10.133632327795963,14.589777887235387,9.21459820653711
2009-12-13,0.5967795862318077,61.51450510001833,18.463120305678625,13.55672689296385,23.095170986788325,14.964226192750392
2009-12-20,0.4889336039712629,58.859466847898474,22.82894662845248,13.008047456628553,17.923976618115987,10.179627985116985
2009-12-27,0.4505751053160266,49.68964960634245,31.13173368500577,11.37072618129409,14.113627183161555,9.885863094670436
2010-01-03,0.4244015959141811,42.87580623819953,34.36093794681013,9.795980666185214,12.550434540436154,8.725386901389037
2010-01-10,0.36406283029527575,39.40447092616024,35.315276720752024,10.367735932528714,10.831509590539193,7.7915237964618775
2010-01-17,0.4444583329682548,54.36619892386346,23.95939594635169,11.758511911739,16.988419954250087,11.758467262912367
2010-01-24,0.4896509740953194,56.642652282162075,20.654815457247167,14.14357683914048,23.64288612300313,15.283934535476416
2010-01-31,0.3852532472203433,41.2966543198594,43.463852554911135,13.195026522874825,14.901333629996838,8.311955362310007
2010-02-07,0.4283755404402972,54.43763987689157,31.29171653875147,13.597529763938027,20.816193189223608,11.426916671934585
2010-02-14,0.3834686137606828,41.75148422192087,42.975204688290866,12.388475126363499,14.220244868348036,8.728464264753793
2010-02-21,0.40934523804621264,48.18588724483789,37.14535004341143,12.040932358859415,12.555796358296256,9.397775783117805
2010-02-28,0.31585497847270394,37.862506263467075,51.200497475577315,10.073011907354584,13.366462849510613,8.538226195342016
2010-03-07,0.3349594155681275,39.24482982623432,49.914983701477155,10.925939946747445,12.472787700795054,8.26897023481036
2010-03-14,0.3734069267126581,39.936400229140894,55.93407765101739,13.21956481512434,15.980069909771585,11.01533730558696
2010-03-21,0.4254112549210812,54.52517212898804,36.837710729202925,14.812926947322245,53.06270877924489,25.56830356307918
2010-03-28,0.3212494592387955,36.76327593552347,54.91193187772298,11.164095785349472,24.179279873940487,13.739815484625945
2010-04-04,0.2773149355673492,26.855455043209552,66.12278095030167,10.010423714051516,13.67368416798881,7.729503967636635
2010-04-11,0.3141883117045999,34.77879042707493,70.42578826884558,10.87483171438758,19.29330039147992,9.238710322846023
2010-04-18,0.3415400433688712,36.81285517932454,60.12893824498939,10.727407999652797,15.667582952534351,9.843640880688797
2010-04-25,0.3623176403779102,45.00740878648304,52.7653440875937,9.975956652186246,19.331226564029947,11.075704371822727
2010-05-02,0.30983008637427656,37.668960376669,67.02145046276843,8.974712665733833,23.768359045504802,11.782410697745426
2010-05-09,0.2679512988864666,25.20065853594089,67.66631630672617,9.632228352974506,19.226737461279964,10.624464288294789
2010-05-16,0.271569264101195,25.146718856312326,67.29427864167694,9.767278157529377,14.083045635490663,9.506755948255934
2010-05-23,0.3013365798472584,34.731145810705435,68.50386508362632,10.225173162433492,24.872676317761478,14.35224404420172
2010-05-30,0.2590367966706489,28.83685298221157,62.99526586831294,9.186413963919595,22.46456348943332,13.138396821514014
2010-06-06,0.26578787888412353,33.99505334044332,58.23612695368781,8.564830624063807,21.060064243246806,11.008171774582125
2010-06-13,0.24851677497582775,26.270024502211147,51.710819746820796,6.537832798673347,16.095531534435402,8.470317468266769
2010-06-20,0.2692072514880012,34.6663740851014,55.746198452357,6.746270555451318,15.210682607068252,8.891170645128437
2010-06-27,0.2764123376797546,41.150382499844326,66.49726836728671,7.011732140957537,21.940758985940146,12.239309823273125
2010-07-04,0.3034567099911244,47.358444344136466,70.40140406438738,6.740725766082924,24.75602076516846,15.503369589612868
2010-07-11,0.2995953581976369,46.12302808392853,71.11196464082214,6.9217813901829,33.01262590076241,17.633822273218023
2010-07-18,0.2814517195612468,40.88515381592062,65.3363634093954,6.935470245281861,26.517285300705556,12.847136906336768
2010-07-25,0.2548950215600012,32.879004798012005,70.10178708039079,6.8788425285191765,24.823266071419468,11.607257944026168
2010-08-01,0.26993506506601445,39.188245470264796,66.27049358844104,7.038335804118736,27.86867099772025,13.263043676340386
2010-08-08,0.260452380891712,31.56352518535077,65.5578436776567,6.910168050848101,27.1348611374653,12.243180556630804
2010-08-15,0.26554052466943245,32.057707827524645,66.50045901119569,6.803780308408826,45.38974946205752,21.759005929399585
2010-08-22,0.2794296538804001,35.40502259271837,63.91596979154421,6.8063492086671635,26.678389072123533,14.560031198708513
2010-08-29,0.2656222944434136,38.10961709584939,57.727739727509544,7.03632141990321,24.18126790307379,11.06628401090904
2010-09-05,0.3220551950220035,47.6617407268434,57.23946267060745,7.0697579308634655,28.660186976394524,13.826269841780395
2010-09-12,0.3525708875905124,48.07797660902811,50.092478090855295,7.280556881475069,27.16005626940108,11.6243112115295
2010-09-19,0.3163880472000691,48.6974078268509,43.420225311493695,7.1624599921640275,25.714460358465274,11.707179703933447
2010-09-26,0.3094296534493309,43.300215762345076,43.346866501736,7.097907406895878,23.44982027523537,12.025861683802136
2010-10-03,0.3888722942472795,59.23896003312501,39.560693690659534,8.021451719034284,28.404696667441808,12.733894557673107
2010-10-10,0.3518625544005143,49.94220851963351,36.0039959614312,7.768299601664619,22.6737862567307,11.548069719301193
2010-10-17,0.34127705667603336,47.05734853443445,34.22540621199825,7.410162042105004,16.720025158711483,9.770211169711587
2010-10-24,0.5705703454527569,76.674894878912,24.575572029107047,11.238694445418297,31.82980006382833,17.688837878152626
2010-10-31,0.4871769482955274,61.21256532290144,32.63936110649998,11.356196419681824,27.72605861495266,13.096462591063403
2010-11-07,0.5232332252611072,58.96113244784486,26.493025300542485,11.118832189593682,22.65541516476388,14.191380378610686
2010-11-14,0.3830611469699836,46.357666608274926,34.83124203563942,9.154946978861117,19.122559140749054,11.623385773646453
2010-11-21,0.3658847402216811,46.3656951547615,35.466300450985116,9.176115805994376,14.715101141377973,8.870476188623849
2010-11-28,0.4666520550968002,59.98412860183285,23.7268996885304,11.800071429458024,16.353667213566716,9.955748297831637
2010-12-05,0.4275297613508065,53.985210205568606,23.91194322734459,10.632174777494358,14.671837615033429,9.689443021556553
2010-12-12,0.4759615795727158,50.29633963324086,19.057612227089287,10.857204548801699,18.718197477047127,12.486812642304535
2010-12-19,0.5641017308805412,64.23188204265777,16.973944450918246,13.560430741645556,24.160144980792168,13.225891448912165
2010-12-26,0.4231439388369199,53.23067939958714,25.09752691367856,10.216689924424859,12.312705277072967,8.052746584524911
2011-01-02,0.5722056291602328,66.49385442482675,11.745178012195089,14.002701070430255,23.93282559566203,13.916091255607116
2011-01-09,0.3642261973138722,45.95585317460318,22.25202773417059,9.277777777777775,15.641369047619044,9.4484126984127
2011-01-16,0.605416672596974,64.14293262594893,14.858451072736788,12.953637566137564,25.96685606060606,15.249404761904767
2011-01-23,0.5241071481257674,57.27671023119393,23.93053375196233,13.740939153439147,24.311011904761912,15.008134920634921
2011-01-30,0.4697486835733922,58.83499788255222,23.76711582068726,11.560780423280425,17.150703463203453,10.149206349206342
2011-02-06,0.6341071478490315,79.41028295376117,19.012755102040824,14.115476190476189,27.53844696969697,16.157738095238088
2011-02-13,0.6044047682058247,78.32002674258108,20.055206698063834,13.545238095238092,35.434343434343454,18.7095238095238
2011-02-20,0.3285052985332356,41.17377286059352,39.47216771323914,7.4100529100529124,12.024981962481966,7.226984126984125
2011-02-27,0.4142460384514558,50.14885937906124,35.517268445839875,9.33340419501134,20.256583694083695,11.2734126984127
2011-03-06,0.36840609197145097,40.60646743051635,47.253630298273144,8.16309523809524,13.12396284271284,8.951984126984131
2011-03-13,0.340001660964092,40.661479899931,44.33143642072214,8.531812169312174,28.63924963924961,12.760912698412685
2011-03-20,0.3464087372887188,43.60404707007967,44.636054421768684,8.271693121693126,14.080041486291485,8.52321428571428
2011-03-27,0.3300463035416902,36.6257516099325,57.72550366300366,8.475529100529101,19.699449855699857,10.818650793650795
2011-04-03,0.36696429285343996,47.75479562707822,49.74154020582593,7.5631613756613705,30.181727994228,13.738095238095234
2011-04-10,0.3718320173945613,55.120719030365784,41.751242804814204,7.251785714285713,42.3507665945166,19.680555555555557
2011-04-17,0.2881613820672981,37.80886602829536,66.56665358451068,6.337037037037034,24.225378787878785,11.741071428571429
2011-04-24,0.2422619108021969,24.394097222222232,68.4205586080586,6.278373015873013,15.02579365079366,8.237896825396827
2011-05-01,0.277076726020979,33.80881211180125,73.43684589220301,6.109722222222223,16.140918109668114,10.86031746031746
2011-05-08,0.2692724931541651,36.55143633540373,57.209935897435905,6.019246031746036,17.604301948051962,10.300595238095235
2011-05-15,0.24876323320986646,38.74419858523119,58.769034536891745,6.575909391534388,21.92095057720058,11.534523809523812
2011-05-22,0.2186309570727484,34.335953674948236,59.93174385138669,6.042261904761909,19.399846681096683,10.698809523809524
2011-05-29,0.255342267434083,40.64212681943662,62.208758503401356,6.075396825396825,23.378066378066393,12.844246031746032
2011-06-05,0.2530621747120416,27.14530495169082,67.40263605442175,5.724867724867727,16.50485660173161,8.788690476190473
2011-06-12,0.27702381555434474,36.6462538819876,57.42687074829932,5.9095238095238125,17.025703463203453,10.10277777777778
2011-06-19,0.26958333927714256,39.32403812974467,62.675584336298606,6.172023809523809,21.30821608946608,11.160714285714288
2011-06-26,0.2746031800792527,41.23564742926156,69.11110020931453,6.57916666666667,30.45116341991341,15.255357142857143
2011-07-03,0.2722552963192501,37.97387206694271,69.00130821559391,6.901091269841273,36.163762626262624,16.710515873015872
2011-07-10,0.24373677792076856,32.35917753959294,69.51060199720919,6.07546296296296,21.439980158730148,10.760515873015876
2011-07-17,0.2433664073172227,33.83081984440682,68.87860849467991,5.5317791005291,21.328829966329963,10.794841269841267
2011-07-24,0.2072552955847372,23.945199275362302,65.26043301936156,5.221891534391536,18.607124819624826,8.312301587301588
2011-07-31,0.2404960374204964,29.511139147688066,72.13484432234434,5.44080687830688,22.337301587301575,12.642361111111114
2011-08-07,0.2156696475465738,31.262908588995558,65.80608974358975,5.4422619047619065,22.409986772486782,11.225892857142863
2011-08-14,0.2265079413486458,30.831575655624558,68.74486525379382,5.471296296296302,28.961165223665226,14.533630952380953
2011-08-21,0.2521560901490155,40.149585921325055,60.92549712192566,5.918452380952384,30.619282106782087,16.04940476190476
2011-08-28,0.2169709042153229,29.504962278060106,61.22893772893772,5.42772817460317,20.20183080808081,10.089087301587302
2011-09-04,0.2326190526419807,35.417906746031754,51.23767006802719,5.598809523809519,19.29917929292929,8.870039682539684
2011-09-11,0.3266666721986243,53.420357495765096,56.47989163614165,6.118419312169317,24.47136544011544,11.997023809523812
2011-09-18,0.3106018575997382,48.690278169897745,53.489534275248566,5.831679894179892,28.919237012987022,12.987103174603172
2011-09-25,0.3594179949363466,52.442374051069706,47.0904958137101,4.561574074074075,30.34163059163061,13.241071428571427
2011-10-02,0.4132738151942335,52.376294976159095,48.889913657770784,3.4210317460317485,33.16161616161616,17.741865079365088
2011-10-09,0.3979166721082513,51.5245535714286,39.012755102040785,3.4208333333333343,29.54008838383839,13.169047619047616
2011-10-16,0.5227447140311439,66.19594332298136,27.893707482993197,4.46441798941799,34.638708513708515,15.107738095238092
2011-10-23,0.4431547672044309,53.69103692201518,32.352891156462604,3.9517857142857142,36.45116341991342,14.10416666666667
2011-10-30,0.32105820695746434,35.179897774327124,30.844453165881728,3.8240740740740735,14.415809884559891,8.466666666666667
2011-11-06,0.3498809585613862,39.96123404071776,28.368099162742023,3.853571428571425,16.811147186147178,10.258928571428571
2011-11-13,0.4714881012571002,48.86039941338855,18.231194400837254,5.670701058201059,22.034226190476183,13.3843253968254
2011-11-20,0.3764947152627561,41.8815238957902,26.715855572998414,4.994312169312169,15.980294011544009,9.313095238095237
2011-11-27,0.5069642909846844,49.03913259144238,17.567373103087384,6.590277777777773,19.140512265512267,11.873015873015866
2011-12-04,0.6614285754719891,63.143202208419616,11.51419413919414,7.403968253968253,27.229662698412703,16.439484126984127
2011-12-11,0.5935119101822021,53.10519108005521,10.76275510204082,6.387169312169312,23.00374278499278,15.263888888888886
2011-12-18,0.3086706415405153,32.69302104899931,32.56292517006803,3.5130952380952376,12.07210497835498,6.8799603174603154
2011-12-25,0.804900797795032,71.71831572714727,10.664311878597587,10.597817460317456,31.44304653679655,17.846428571428564
2012-01-01,0.6700000048215898,65.65401785714286,12.119897959183682,9.72248677248678,26.38259078884078,15.664484126984124
2012-01-08,0.6879232851290713,63.007462042788156,13.914998691784403,9.773941798941797,21.952380952380963,14.649801587301592
2012-01-15,0.7102380996791735,68.657123447205,8.909013605442182,10.283928571428564,26.921130952380942,17.87718253968254
2012-01-22,0.5734127036143076,55.039930555555564,16.309392987964426,9.006878306878306,17.186652236652222,12.390476190476189
2012-01-29,0.5147883655700499,47.881459195997216,21.515862114076384,8.545370370370371,16.930104617604634,11.526190476190473
2012-02-05,0.4232936572495392,42.16763716356109,34.97613596720739,6.430092592592592,15.80384199134198,10.540674603174596
2012-02-12,0.4109590015704274,39.6560451173223,36.49466902145475,7.705555555555558,12.830988455988455,9.431349206349203
2012-02-19,0.40979497998450265,43.959810645272604,35.495715593929866,8.154017857142858,13.301046176046178,9.232341269841275
2012-02-26,0.603544978662419,65.99916184359121,25.79699764521195,11.464748677248675,21.54669913419914,12.601785714285715
2012-03-04,0.4275595303186309,50.17173677771503,33.250746773068194,7.536838624338619,22.95846861471861,12.631150793650795
2012-03-11,0.3881812229954574,42.84191683919945,41.20862768184197,7.761111111111113,19.27886002886003,8.601388888888888
2012-03-18,0.40886905392011,47.672166149068346,42.272206959706956,5.7190476190476165,26.085046897546906,11.601587301587298
2012-03-25,0.37840278450468623,39.27938448930297,42.31959706959708,5.154960317460319,16.799738455988454,9.172023809523813
2012-04-01,0.3664550330061169,42.462873102139405,52.32188644688645,4.777777777777779,27.188446969696976,13.469841269841266
2012-04-08,0.2922023872578782,28.302816597653546,49.99329539508109,2.7671296296296326,12.404761904761903,7.243253968253969
2012-04-15,0.2989103902700459,27.208495082815727,55.91637231815805,2.9234126984126987,13.126713564213565,7.2619047619047645
2012-04-22,0.2811706411962707,22.92705882583601,61.016254578754555,2.76223544973545,13.833603896103904,7.890079365079366
2012-04-29,0.2738690539307538,24.782037180814356,59.043912436769574,2.483928571428572,13.670770202020195,7.7519841269841265
2012-05-06,0.2945238157796363,30.237351190476183,49.20705782312921,2.5488095238095227,13.215277777777779,8.096230158730158
2012-05-13,0.325773815047883,37.66109170117321,42.898907639979036,2.7899470899470895,25.277002164502164,12.804365079365075
2012-05-20,0.2621296353174974,28.102214889579,58.62356096284667,2.3957671957671964,27.046897546897558,11.552579365079367
2012-05-27,0.2719179949693617,30.176844140159375,58.48840048840049,2.638690476190475,19.05663780663781,9.262003968253962
2012-06-03,0.2761045029958483,32.98601406142166,62.994472789115676,2.9231481481481496,33.22912157287157,12.859325396825392
2012-06-10,0.2288872404832135,23.013443832737327,54.32411041339612,2.4754794973544967,24.43198051948052,8.075793650793651
2012-06-17,0.21521164480271568,21.882408126294003,52.6770015698587,2.463492063492064,23.88690476190477,8.114087301587299
2012-06-24,0.24353175122123305,29.41614906832297,57.45588042909471,2.712830687830688,29.659451659451676,11.200992063492059
2012-07-01,0.2450132324946699,30.691354539180622,63.571755625327064,2.9315476190476177,73.2196518759019,25.406944444444427
2012-07-08,0.23734127481285705,27.0182022084196,57.496565934065934,2.767261904761904,24.18934884559885,10.098412698412695
2012-07-15,0.23691799398807295,27.494565217391308,64.87617739403457,2.7207506613756616,27.99873737373735,11.06944444444444
2012-07-22,0.2514748727651463,31.479519574628267,63.60573652537937,2.9109126984126967,34.078733766233746,13.213492063492073
2012-07-29,0.23915344466943114,27.17300724637681,72.99551936159084,2.5880952380952387,39.83283730158731,15.969246031746028
2012-08-05,0.2689947152291007,33.24351335560573,62.174210709925035,2.4422619047619047,26.154581529581517,11.405952380952382
2012-08-12,0.2785317513337802,31.813492063492077,53.60671768707486,2.6029761904761908,50.71022727272727,18.404761904761916
2012-08-19,0.24430555985826596,26.174937456866807,51.764684720041856,2.4244708994709008,40.96351911976912,14.40416666666666
2012-08-26,0.2608333385726882,30.07217261904761,50.0137689691261,2.4410714285714263,58.89290223665229,20.51607142857144
2012-09-02,0.2454166719246481,23.14550983436852,57.28411172161172,2.1292328042328044,23.06400613275614,8.573809523809524
2012-09-09,0.30375661991645003,32.265085835058656,63.531462585034,2.420304232804232,24.132664656771787,13.23482142857142
2012-09-16,0.3338756672343207,44.51660039839389,45.31671899529045,2.5835317460317464,23.46315836940838,13.022519841269851
2012-09-23,0.3124470954829897,37.67906746031747,41.801445578231295,2.326719576719578,33.70526845839345,15.944642857142856
2012-09-30,0.25302249218716666,26.227327343981056,36.97102302459443,1.9868386243386236,13.059749278499273,7.405158730158727
2012-10-07,0.4367261965093866,61.125507795344724,27.76726844583987,3.160185185185184,26.95932539682539,16.036706349206344
2012-10-14,0.29392857656681104,35.979403899240864,29.414671637885927,2.3047619047619072,19.663149350649352,10.532142857142857
2012-10-21,0.3295568846954555,44.25396825396823,27.55154369440084,2.7818783068783066,18.885281385281374,10.24821428571428
2012-10-28,0.3662566199420737,42.495946459941,23.75107382696668,3.2919312169312187,16.677624458874455,10.123511904761909
2012-11-04,0.326964292187421,38.83382936507937,24.310635792778648,3.2827380952380945,13.756944444444434,9.041865079365081
2012-11-11,0.2944709058279399,32.263446773636986,30.67253183324611,4.122685185185183,11.323701298701296,7.220436507936512
2012-11-18,0.32988095886650537,36.88715277777776,25.635923600209303,5.474404761904763,16.20594336219336,9.335119047619052
2012-11-25,0.5039285777225379,54.44564139061424,10.91527123669981,5.596693121693123,26.839420995670995,15.850198412698418
2012-12-02,0.3756481552181185,45.31430081090407,26.29976670155239,4.773974867724868,14.070301226551232,8.520436507936507
2012-12-09,0.4318452449559811,49.81334109730847,21.695414704343282,5.22440476190476,14.74792568542568,10.867261904761904
2012-12-16,0.4999404813650819,52.42278079710146,22.26249345892203,6.304166666666667,18.34375,13.899801587301589
2012-12-23,0.3799008005485924,43.0245672956271,19.457341269841272,4.274867724867728,13.092487373737368,10.845634920634918
2012-12-30,0.5657010638337366,55.151686703996496,7.680304814233392,6.917989417989419,18.00825216450216,15.110119047619047
2013-01-06,0.6029960370450106,60.655786318150426,12.197867608581893,7.936706349206347,17.718163780663772,13.923809523809519
2013-01-13,0.4360780497879856,44.994427975406246,17.088446275946275,5.027414021164022,14.35060425685426,12.06527777777778
2013-01-20,0.2734193189182965,25.186766735679804,43.26831501831499,3.168055555555556,7.144119769119775,5.3507936507936495
2013-01-27,0.32846561534202073,34.85322655906894,38.51350732600732,3.6978835978836,10.784208152958158,7.0913690476190485
2013-02-03,0.509019516385284,51.01811006022962,25.08968908076051,6.342791005291003,19.16308621933621,13.497619047619047
2013-02-10,0.38146826036412396,41.28803269496204,36.85086342229197,5.1359126984126995,11.94250541125542,8.205357142857133
2013-02-17,0.4337169372506204,45.97569836564403,26.806732949590092,6.08445767195767,15.427489177489171,11.7186507936508
2013-02-24,0.3158333406384502,31.715709109730838,37.49617346938776,4.498809523809527,9.253472222222225,8.343650793650793
2013-03-03,0.4077777850436705,35.735269033502696,46.871511425082865,5.732605820105818,11.89930555555556,8.532539682539674
2013-03-10,0.31183863176998705,31.51600241545892,45.79689952904237,3.921626984126984,12.57864357864357,7.688888888888888
2013-03-17,0.3011640289409097,29.483803485162174,50.035616169544774,3.7197089947089927,11.275252525252533,6.8696428571428605
2013-03-24,0.3332738174435993,35.24016269057031,42.569760596546324,4.19537037037037,13.044101731601732,8.540773809523806
2013-03-31,0.23693452977708399,15.382508607033069,53.14364207221346,3.3005952380952364,8.979166666666671,6.219642857142858
2013-04-07,0.3023809604568494,28.373759920634924,51.950255102040785,3.9726190476190473,11.295129870129866,7.271825396825392
2013-04-14,0.2724669375644121,24.303247929606627,51.96886446886447,3.352513227513227,16.433351370851366,9.313492063492065
2013-04-21,0.3003108531059254,30.94146825396825,54.513283839176715,2.9976190476190463,22.500252525252513,11.054563492063489
2013-04-28,0.2691799008351549,22.84101594359746,76.5705019187162,3.2313492063492073,18.01966089466089,9.01686507936508
2013-05-05,0.29398810282526977,26.07340191511387,63.5578231292517,3.7398809523809526,10.571428571428577,6.882738095238095
2013-05-12,0.2725198471647682,27.935515873015884,57.828950811093684,2.7440476190476177,17.046626984126988,8.815476190476193
2013-05-19,0.25476191080219684,24.43526785714284,66.4515306122449,2.494047619047618,13.062590187590182,7.462896825396825
2013-05-26,0.26007275725640955,26.81023060574688,67.38677939124369,3.1374999999999966,14.337932900432898,8.219642857142857
2013-06-02,0.22970238576776206,19.6498878536922,75.57057823129254,2.7108465608465626,14.119137806637804,7.597222222222222
2013-06-09,0.24114418483915795,23.91425414862915,82.32747361765212,2.9222222222222207,22.605203823953826,10.320436507936511
2013-06-16,0.2618419365324179,30.282552818558248,60.343684589220295,3.0465608465608462,23.1554834054834,9.816468253968251
2013-06-23,0.22750661826776294,24.576168041327204,66.10065083725803,2.8512566137566138,19.828869047619047,8.165277777777778
2013-06-30,0.21824074516752875,20.653144409937887,83.04895996860284,2.7956349206349214,24.23330627705629,10.443055555555556
2013-07-07,0.22623016294387585,27.762638026224984,82.30880429094711,3.2072089947089943,27.142451298701307,11.29662698412698
2013-07-14,0.2505423335535893,30.248802073530346,94.64413265306123,3.2896164021164034,37.43938492063493,15.581349206349199
2013-07-21,0.24031085207092545,25.684186586360504,97.0141287284144,3.1844576719576727,33.643073593073595,15.357738095238087
2013-07-28,0.23889550774126644,27.972928038145408,64.58163265306119,3.0988756613756605,25.438311688311696,10.171428571428574
2013-08-04,0.2493849254060516,31.657718489240235,68.28789464503747,3.4265211640211626,30.946158008658013,10.704464285714286
2013-08-11,0.22191799352753666,25.29629270186335,71.00382653061227,3.104166666666665,21.34050324675325,8.047023809523807
2013-08-18,0.2157407446759484,24.39214936633415,78.64076399790686,3.4671296296296314,29.01082251082252,12.297420634920632
2013-08-25,0.2719179953478039,30.97553269496206,72.74110413396131,3.726058201058204,35.6468253968254,15.926190476190474
2013-09-01,0.22106481929994592,19.702788757136585,78.53777472527472,3.0781746031746016,22.676975108225108,9.644841269841274
2013-09-08,0.2473214343811075,32.13839285714286,71.22789115646259,3.3482142857142856,23.751984126984137,12.005952380952385
2013-09-15,0.297572756676427,38.80105891994478,54.068059916274215,3.629100529100528,18.83581349206349,9.692460317460318
2013-09-22,0.2773611160901885,35.31352539368844,47.02835557299843,3.621825396825397,16.867739898989903,8.116865079365072
2013-09-29,0.3574272544379471,47.8729090203275,39.214285714285715,3.939814814814819,30.150387806637806,14.659523809523805
2013-10-06,0.2717857195995751,29.704677795031067,27.059229461015192,3.3214285714285707,13.753911135161136,7.420039682539683
2013-10-13,0.3519312225365962,41.63193954294496,41.27492150706438,3.730621693121692,19.887130230880228,9.988095238095235
2013-10-20,0.3723875723030203,45.102603088336785,25.79853479853481,4.03015873015873,24.29982864357865,12.56845238095238
2013-10-27,0.3495833398729916,42.23785800552106,23.667222658294076,3.7176587301587305,18.017225829725835,10.416666666666671
2013-11-03,0.3892857209468879,44.36856237060041,24.62975417439701,4.976256613756613,17.459415584415595,10.024801587301592
2013-11-10,0.29738095861283104,31.369543650793663,33.184458398744106,3.986309523809523,13.286029942279944,7.499007936507937
2013-11-17,0.36296296983208304,37.44347394755003,27.887002878074327,6.472420634920637,12.69922438672439,7.108531746031742
2013-11-24,0.394523816799656,40.467100155279525,31.933706174777623,6.169510582010582,12.352678571428571,7.696031746031749
2013-12-01,0.4737830750604784,47.49356923269967,29.542364877186298,9.299586640211636,15.818407287157285,9.35357142857143
2013-12-08,0.74250000485086,74.81917486197376,13.633078231292519,11.834523809523807,20.91964285714285,15.055357142857153
2013-12-15,0.6532142913235083,67.61697722567287,13.084837781266351,11.170238095238094,20.449404761904766,15.436309523809525
2013-12-22,0.5070502704024195,54.63228068730789,19.596001221001227,8.66362433862434,15.053382034632024,11.510317460317461
2013-12-29,0.33875000629988,34.11388437950939,39.376275510204074,5.28835978835979,8.979076479076475,7.1696428571428585
2014-01-05,0.314761911431653,33.183650362318865,35.59837781266352,4.660780423280423,9.98858225108225,7.156349206349209
2014-01-12,0.5900132330972208,54.54327337819187,14.613487702773414,8.726719576719576,22.47258297258296,15.059523809523812
2014-01-19,0.35834656786666363,33.328836697722565,36.95552066980639,4.521626984126985,8.9404310966811,5.993452380952379
2014-01-26,0.4893452437594532,43.59425681504486,33.188939037153325,6.450066137566135,13.625000000000005,8.810515873015873
2014-02-02,0.3278571502571661,26.343749999999986,51.49950941915226,4.687698412698414,9.02719155844156,5.633928571428571
2014-02-09,0.3415873089770752,30.748102139406477,45.050638845281675,4.398148148148151,10.852227633477638,6.63115079365079
2014-02-16,0.3626719642253147,33.25761300897172,39.396094976452105,4.52361111111111,10.062770562770565,7.199603174603176
2014-02-23,0.4998941859146627,47.507343426501066,30.6530612244898,6.880274470899472,16.153400072150074,9.904166666666667
2014-03-02,0.3303571501791123,28.06371263096808,47.9941130298273,4.837698412698413,12.744715007215012,7.6781746031746065
2014-03-09,0.4148809594723086,37.19215838509316,49.16607796964939,6.548809523809527,15.882711038961046,9.276785714285717
2014-03-16,0.4694642927541974,48.20795591787442,48.46448194662482,7.559523809523811,23.53517316017316,14.357142857142858
2014-03-23,0.4128571495990309,40.321762853692185,51.00559262166403,6.3269841269841285,23.214105339105334,12.541071428571426
2014-03-30,0.37922619774139343,32.81060753105591,56.15327380952381,5.9967592592592585,16.53199404761905,8.848214285714283
2014-04-06,0.3673346630021656,32.76573283298829,46.08124018838306,5.245502645502642,14.173295454545455,8.529761904761912
2014-04-13,0.3935383668159525,39.38092003105592,44.719518576661436,5.437896825396824,24.86956168831168,12.912499999999998
2014-04-20,0.3137500069192833,28.53143331608005,62.32077446363161,4.82493386243386,18.818948412698415,9.984325396825398
2014-04-27,0.30211640927526673,21.526623964803306,58.15907901622187,3.937499999999997,12.574080086580093,7.435714285714287
2014-05-04,0.2892526520736437,22.244304457619677,63.276567678353395,3.3443783068783097,12.582341269841265,7.917658730158732
2014-05-11,0.34994048295719976,39.69122023809523,58.001798796441726,4.124404761904763,23.593208874458885,13.178968253968248
2014-05-18,0.2822949791026532,20.142284367633746,84.33107666143383,3.572222222222224,18.59629329004329,9.321428571428578
2014-05-25,0.2828571488637301,20.542917529330573,77.37625915750917,3.501190476190477,16.468056414484984,10.61160714285715
2014-06-01,0.27109788913999205,19.60436076604556,72.28492935635794,3.629563492063488,12.326298701298704,7.769047619047616
2014-06-08,0.29017857711850903,26.75421626984127,70.98171768707482,3.700264550264547,22.291125541125545,10.753968253968251
2014-06-15,0.29771825954978354,27.9190605590062,77.63255494505495,4.03454034391534,21.168795093795108,11.3451388888889
2014-06-22,0.2730952434507864,22.205109126984137,87.81717687074827,3.763690476190477,22.187074400467267,11.682738095238099
2014-06-29,0.26636243932609416,27.81794066440805,67.65765633176346,3.8333333333333366,17.615845959595962,9.502182539682543
2014-07-06,0.2414682594201868,24.3568809770285,65.39998691784405,3.9900793650793602,17.130656479763626,9.609523809523811
2014-07-13,0.2277381002193406,19.300780514775084,73.85347985347984,3.92096560846561,13.825216450216448,7.63551587301587
2014-07-20,0.28964286271837497,34.88293650793652,71.70784275248563,4.312500000000003,30.759547859547872,14.52162698412699
2014-07-27,0.28266535047835945,32.353681418219466,88.27681841967554,4.328042328042328,23.47684111523397,12.867658730158732
2014-08-03,0.2446627038811883,20.631469979296067,82.39606227106226,4.047619047619049,21.49472402597404,10.994642857142859
2014-08-10,0.2490972278757937,25.476385555869253,71.37545787545791,4.2416666666666645,21.671774290524286,10.339285714285714
2014-08-17,0.2470535772280997,17.335209627329203,79.22137733298453,4.1230158730158735,19.489691558441557,8.623115079365084
2014-08-24,0.2718518580423385,24.80890496020542,73.67079844758415,4.206084656084655,22.063086219336228,10.461706349206347
2014-08-31,0.2691865138463164,28.461144833427454,59.28957352171635,4.360185185185183,26.3976911976912,12.229861111111116
2014-09-07,0.27821429174432843,31.234434798293467,57.24188906331765,4.3468253968253965,24.583152958152965,11.489682539682539
2014-09-14,0.30126323353637163,32.28247929606626,58.82590920983778,3.8192460317460353,19.524215367965372,9.12996031746032
2014-09-21,0.32496197742690863,31.19543846853631,45.9719387755102,3.854365079365079,16.678346389060675,8.236011904761904
2014-09-28,0.34600529685498216,32.53198326432021,53.143118785975936,3.2505291005290995,20.241427025355602,13.989087301587306
2014-10-05,0.3867791062063247,41.20699914517847,45.31754208093493,3.1791666666666663,23.249346139971145,13.444444444444438
2014-10-12,0.29934524349503633,28.815174118066203,39.04556405895693,2.740410052910053,14.147546897546894,8.124007936507933
2014-10-19,0.3712103237959717,36.84268581444433,36.359012515262506,3.2356646825396838,20.854121572871577,11.017460317460316
2014-10-26,0.5315608513837178,54.8198208796035,28.371009942438512,4.741666666666671,37.80122655122653,17.296329365079362
2014-11-02,0.6025595293582352,63.40440885675747,24.578308596165748,5.5417658730158745,37.359126984126995,19.359722222222224
2014-11-09,0.3634788416316192,32.66803614561767,46.85249869178443,4.498743386243384,11.90720598845599,7.549007936507936
2014-11-16,0.3881207535734633,34.60445683543509,39.8924210709925,4.134871031746028,12.085317460317462,8.022619047619049
2014-11-23,0.5489881003595813,49.714878795721205,22.18730376766093,7.056944444444441,34.17816558441559,15.509523809523811
2014-11-30,0.51187169844058,46.245226919819316,25.395370006977142,6.115410052910055,24.86733405483405,12.370535714285722
2014-12-07,0.4743121758152649,41.54913949275361,31.782607273678693,6.99794973544974,12.429202741702735,7.902976190476188
2014-12-14,0.575187080144637,66.16371035785161,18.95014608407466,8.493634259259258,22.208790283790297,13.704365079365086
2014-12-21,0.7172569477967622,71.12452679523719,12.456991421277134,11.079828042328042,25.41091269841269,16.825793650793646
2014-12-28,0.4891038416436424,54.10178845912543,22.422640851212282,9.114302248677248,18.23773448773449,11.495734126984123
2015-01-04,0.7786904792700498,84.41931935817804,15.729526425954992,13.13154761904762,25.753523328523336,18.061607142857138
2015-01-11,0.7939318828255176,84.91843610797419,10.281702424559565,12.716038359788367,22.742370129870118,17.42956349206349
2015-01-18,0.4495502707016252,54.20406314699794,24.496271585557288,7.660185185185185,15.911931818181813,11.910714285714285
2015-01-25,0.4643353234666091,54.13366010930064,32.737566500959346,7.445882936507938,12.69209054834054,8.200595238095246
2015-02-01,0.44269841792574427,47.778828659263446,38.26409602302459,7.630423280423278,14.194976551226555,8.764285714285714
2015-02-08,0.37514550873625385,33.70431704467029,49.33621140763996,6.1744708994709,9.114042207792208,6.383630952380952
2015-02-15,0.3780605223605154,40.82712411380889,41.49561747776031,6.998544973544973,16.63095238095238,11.448611111111115
2015-02-22,0.38286376339013856,37.586421558083046,48.392519187162044,6.699338624338622,12.458648989898991,9.302579365079364
2015-03-01,0.35246693749601643,33.230471445824705,48.71081894296184,5.898809523809526,10.296401515151512,5.8220238095238095
2015-03-08,0.4221296356498169,47.56581047273983,33.69420460491889,7.3947089947089975,18.89466089466089,11.412896825396832
2015-03-15,0.4249140279924388,53.83735550379569,42.37074829931971,7.713756613756616,23.379797979797978,12.983928571428569
2015-03-22,0.33988592060709105,30.8506307249514,57.65646258503403,7.545750661375662,14.550099206349206,10.5140873015873
2015-03-29,0.3451984192983854,33.74155471641884,47.46899529042384,6.475198412698414,11.030573593073594,6.425297619047622
2015-04-05,0.2942543040770079,31.81929739946045,57.605126024768886,5.333482142857143,13.94642857142856,6.309325396825392
2015-04-12,0.30201720297632234,28.632192460317462,68.01867477760337,6.0195105820105805,19.44660701401772,10.146031746031747
2015-04-19,0.2908912106072186,29.61363272252248,65.92218842665275,5.146279761904763,25.019533128908115,11.276388888888887
2015-04-26,0.3045006677163417,32.521390143672754,65.20130167451596,5.192278439153442,17.19907106782107,7.932936507936508
2015-05-03,0.2725330745249436,26.006336658510584,52.93393511250658,5.025132275132278,14.842983405483407,7.207738095238093
2015-05-10,0.29169312748446985,34.71124384371667,65.2702718908076,5.229447751322748,21.26848845598845,9.447420634920633
2015-05-17,0.29318618294807586,36.24710125321536,71.82623626373626,5.347023809523806,31.596085858585862,11.783432539682538
2015-05-24,0.2282936556121859,19.08701043823326,78.62934981684987,5.151851851851851,15.054004329004332,5.8265873015873035
2015-05-31,0.2462103226286158,27.922640614216697,76.58865341008195,5.353075396825394,17.881718975468978,8.593253968253968
2015-06-07,0.2384722272210101,27.37410302559761,87.24990733472877,5.615410052910055,24.01113816738816,10.681547619047617
2015-06-14,0.2311590657488162,27.33769566785872,76.37273787720213,5.1676587301587285,21.384379509379503,10.226686507936504
2015-06-21,0.2328240788526952,25.09749180469289,79.62032312925169,5.135383597883598,14.162542087542095,7.982440476190474
2015-06-28,0.2699603230933903,38.95319558159232,84.48481924821213,5.278736772486768,25.68695887445887,14.659226190476188
2015-07-05,0.25333333862945456,34.67368659420291,83.91751700680273,5.194642857142857,37.02818662818662,15.240476190476187
2015-07-12,0.2723429288638744,40.232290154204,78.43192967746538,4.95011574074074,36.525216450216455,14.986904761904762
2015-07-19,0.2646627042639664,36.481053743961354,93.07070905285192,4.712698412698411,33.76829605579608,14.34246031746032
2015-07-26,0.24504795483481065,28.708384308927787,70.76580760509333,4.649189814814815,19.25046897546897,10.10585317460317
2015-08-02,0.21843254405650364,25.847977053140106,67.21870094191523,5.317063492063491,17.84965728715728,8.108928571428574
2015-08-09,0.27542989988215083,33.26157832204027,72.44963369963368,5.553521825396823,38.1674001924002,15.399801587301575
2015-08-16,0.21946429006568105,21.218091798643048,68.87382260596543,5.304232804232802,22.769615800865807,8.493055555555555
2015-08-23,0.2210499379894741,22.35529009034443,69.68220172684461,5.621031746031746,21.65825216450216,9.12876984126984
2015-08-30,0.2454695814343357,29.886408730158738,64.99954212454212,5.973280423280423,23.352562615955467,8.882341269841266
2015-09-06,0.23269841755597445,27.245169082125603,65.67314233385662,5.790608465608468,19.052849927849934,9.149206349206354
2015-09-13,0.2869047678341824,37.21031746031746,56.76017137624281,6.2773809523809545,18.715142496392488,8.751587301587303
2015-09-20,0.26886243892133865,32.08454890520109,51.973492281527996,6.133664021164023,13.250090187590187,6.5888888888888895
2015-09-27,0.32113095837689576,45.277418007716925,51.2182103610675,6.161772486772487,16.959235209235207,8.937301587301592
2015-10-04,0.2779745427869438,38.081277644456975,48.866349424385156,6.030357142857143,19.64213564213565,9.8156746031746
2015-10-11,0.3173412751913978,39.10869173097433,34.78970434327579,6.313227513227512,17.605699855699857,9.633333333333336
2015-10-18,0.3721015278553029,46.126640041721565,24.382636708529557,6.369378306878308,17.464718614718613,11.252182539682538
2015-10-25,0.4286574138801488,47.846079192546576,24.69456436420723,7.617195767195768,18.229202741702746,11.244246031746027
2015-11-01,0.3289599929258682,34.642286468276374,40.223595848595856,6.933019179894183,14.63169191919192,9.110515873015878
2015-11-08,0.446417003088488,46.5730891994479,25.300889586603883,7.287582671957673,18.295436507936504,12.196428571428573
2015-11-15,0.6084771873062306,66.4397245805437,16.895081109366814,9.558201058201053,25.575616281866285,17.2094246031746
2015-11-22,0.5457870410710925,57.91955659075225,22.08777036455608,9.019907407407407,28.31087662337665,19.42956349206349
2015-11-29,0.4620304287194456,55.15573240165629,30.098345107273694,9.086044973544974,16.180645743145746,9.48224206349206
2015-12-06,0.8079365122146789,84.81281271566597,11.307855834641547,13.27175925925926,35.40791847041848,24.66170634920635
2015-12-13,0.4920172025858566,54.544978119706386,16.607191915227627,9.800132275132274,21.74576118326118,17.10813492063492
2015-12-20,0.6517195815210621,69.30118831953071,10.62993851386708,11.523214285714285,46.4259108946609,27.552380952380954
2015-12-27,0.6351967639708648,64.54833270594138,13.874378597592885,11.79993386243385,32.44466991341991,26.37599206349205
2016-01-03,0.34111111836862706,38.627598775017255,28.717425431711145,8.138558201058196,15.123367604617592,9.913690476190476
2016-01-10,0.2504629694541335,21.726342422673945,51.558668018489435,7.525330687830689,5.276740620490619,3.6605158730158713
2016-01-17,0.40967593248835016,46.27944918909593,31.597952642595487,9.372023809523805,12.533549783549786,9.4234126984127
2016-01-24,0.5086954428745363,55.02477021770499,18.475133001918696,9.596230158730156,20.774215367965372,17.557142857142857
2016-01-31,0.4804166730848095,49.892113095238045,19.282738095238088,9.154761904761905,21.449630230880228,19.52976190476189
2016-02-07,0.4829960385298053,48.32467042317586,27.907160300017434,9.808928571428565,17.603111471861478,14.117063492063494
2016-02-14,0.26184524482648275,19.685321773637,49.12074829931974,7.148148148148144,6.303932178932175,3.757738095238095
2016-02-21,0.3758928646141338,37.663035635861725,47.33124018838306,8.813822751322752,16.179933261183255,7.339781746031744
2016-02-28,0.3705952460301066,37.05009920634922,45.31037414965989,8.039947089947084,46.26537698412702,15.649206349206343
2016-03-06,0.3829960394054452,40.1139118279064,50.07021302110587,8.431349206349207,13.63685966810967,7.450992063492063
2016-03-13,0.3361177330777521,32.3967391304348,55.81492019884879,8.251455026455025,10.123602092352098,6.261111111111113
2016-03-20,0.3896825478353078,43.0663133665851,51.87240091257947,8.969708994708991,17.78479737854738,12.8905753968254
2016-03-27,0.3278571505587369,32.84114583333332,51.55409471480901,8.754464285714285,13.290967712842713,9.64434523809524
2016-04-03,0.30640873824881903,29.135307853378496,59.174515960230245,8.201984126984128,12.344877344877348,6.511507936507938
2016-04-10,0.3002976268835404,29.85812413733609,58.675595238095255,7.999867724867723,9.314303751803749,5.2569444444444455
2016-04-17,0.3023015950885282,31.178452812284345,51.73858036804465,7.276554232804233,9.848665223665224,5.857142857142858
2016-04-24,0.3191071506500955,35.546626984126966,48.52295918367345,7.817857142857145,10.769264069264073,6.706349206349204
2016-05-01,0.2975859862752259,31.537530781416656,56.49283751962322,7.634986772486776,11.957413419913424,6.838690476190478
2016-05-08,0.30595238839852656,34.72799128709453,63.562903366474806,7.505952380952379,13.198755411255405,6.92281746031746
2016-05-15,0.2872949813078674,30.82094626388104,54.3036749956393,7.1396164021164035,8.572555916305918,5.142361111111113
2016-05-22,0.29226191205283003,32.40097696687369,67.21359890109893,7.3369047619047585,16.54315476190475,9.860119047619047
2016-05-29,0.2726190543974992,29.608674085576247,55.705057343450214,7.1708333333333325,15.496031746031749,7.520238095238093
2016-06-05,0.2726058266406495,32.105913561076605,71.65551412872846,7.464616402116403,14.476190476190471,7.94206349206349
2016-06-12,0.28181052211248303,35.89165823608761,62.69515306122449,7.883333333333331,22.403628547378545,10.564682539682535
2016-06-19,0.2100595280838509,17.31226276742581,60.09203296703298,7.706547619047622,11.65061327561328,4.7613095238095235
2016-06-26,0.25500000530568073,29.453000501913547,70.34693877551021,8.643518518518514,23.7258207070707,9.170734126984122
2016-07-03,0.2755357203251195,34.61051802967564,71.02364599686027,7.700992063492058,30.49925144300145,13.20039682539682
2016-07-10,0.2482010637656369,35.357892786561266,78.30975274725277,6.067162698412701,28.004716810966833,13.121031746031742
2016-07-17,0.253637571054358,28.73131254313317,77.32505886970173,5.352579365079365,17.715367965367967,8.014682539682536
2016-07-24,0.24691303426365346,30.423440538929672,71.86909122623408,5.402678571428575,33.33664923039923,11.146031746031747
2016-07-31,0.25178571945233696,29.576701604554874,89.03273809523813,5.468386243386243,25.350198412698425,11.833531746031744
2016-08-07,0.25791005756873536,28.85657036200514,74.30941479155767,5.272156084656082,19.588383838383827,8.833333333333337
2016-08-14,0.23558201515239,25.038442460317462,74.21595368916796,5.908201058201058,18.46662157287157,7.4183531746031734
2016-08-21,0.2438657461261508,24.775696601104197,70.51696319553459,5.969444444444443,27.593299062049066,10.880158730158737
2016-08-28,0.26210979384631305,33.950752674258105,66.6311867695796,6.437764550264548,31.268353174603185,11.59404761904762
2016-09-04,0.3013558264146681,40.51436629493694,65.40737833594974,6.533730158730156,28.73272907647907,12.510317460317465
2016-09-11,0.3327579429984172,45.95860291580401,59.640142595499725,7.308597883597879,35.21951659451654,15.402380952380954
2016-09-18,0.2601455082244697,30.89869678932177,47.496756715506706,5.94029431216931,14.86593614718615,7.013888888888892
2016-09-25,0.3686904829217212,54.38910749576512,46.4131017791732,7.138955026455027,20.75347222222221,11.455753968253973
2016-10-02,0.3239021225926028,41.82732997678651,47.64975798011515,7.268320105820107,19.616378066378065,11.10565476190476
2016-10-09,0.439345244783908,62.18432971014493,41.534700418628994,8.054960317460322,30.702561327561327,13.356150793650794
2016-10-16,0.32650794371415576,38.82172266139658,42.77185215578073,7.6602513227513205,15.767541486291487,9.72420634920635
2016-10-23,0.3705770565958191,42.73654244306418,20.455782312925173,7.351455026455022,17.50681216931217,13.033928571428572
2016-10-30,0.5025810242258507,49.58011206788382,23.827762515262524,6.800264550264556,32.5616883116883,13.791865079365088
2016-11-06,0.5158862495154297,53.69491890959282,24.236394557823125,6.996230158730155,23.364177489177493,13.549007936507945
2016-11-13,0.4944113815937526,49.83117667356795,24.60971568114425,7.565740740740737,17.69016955266956,11.840277777777779
2016-11-20,0.5633333386099411,54.697107919254634,21.02475798011512,8.710714285714285,21.28201659451659,13.939484126984125
2016-11-27,0.4068865811050669,42.9299899225171,24.688352817817105,7.563293650793653,10.687518037518032,6.776984126984122
2016-12-04,0.4442956416680424,44.3521674150556,27.22584706959707,7.926126700680273,13.547504810004813,8.607142857142856
2016-12-11,0.5506165028555537,49.51514507318079,19.78448981573983,8.544146825396822,18.343964947089933,14.067261904761915
2016-12-18,0.5104273025122261,45.79706503813647,23.96642246642247,8.524553571428571,19.788149350649327,16.211507936507935
2016-12-25,0.6388761380249499,60.782651016599004,16.831001835466118,11.28625992063492,20.446687109187103,14.277777777777784
2017-01-01,0.7294047666161702,70.47940389924085,9.803135356706788,12.597156084656087,26.619605708444997,20.165178571428573
2017-01-08,0.6509325446560981,63.24268010069642,11.655612244897965,11.344973544973547,29.55681818181819,21.163293650793648
2017-01-15,0.5407672019941469,55.53080298324861,25.075336865515432,11.015476190476189,17.670229076479078,11.08849206349206
2017-01-22,0.4422933269479367,38.409525181943664,42.312739839525534,10.137698412698409,11.880275974025967,7.420634920634919
2017-01-29,0.5049404824684769,58.49963336783989,26.70924908424909,9.618452380952373,20.415058321308308,13.716865079365075
2017-02-05,0.35094908102509137,34.96380536733799,41.55112942612942,7.690343915343917,13.287427849927848,8.264880952380949
2017-02-12,0.40001323465454997,43.26012551759834,36.83544828187683,8.58611111111111,17.52484668109668,8.867063492063496
2017-02-19,0.42108466258351385,47.36717468607999,31.940290859933747,9.326388888888888,21.352615440115432,12.28363095238096
2017-02-26,0.474021169844345,50.63715277777776,28.722560177917337,10.132738095238096,51.08243145743146,18.56428571428571
2017-03-05,0.36453869719176535,34.0624558865048,45.518565759637184,7.327314814814818,15.012049062049071,8.584126984126986
2017-03-12,0.4525000056636242,51.42144366804689,38.35177917320776,8.845833333333333,21.355591630591626,10.752976190476193
2017-03-19,0.3331117799914584,37.4816674116946,58.9652505232862,9.089070767195766,18.263636363636355,9.219345238095237
2017-03-26,0.2969973616760284,33.649073714630774,52.7383895866039,7.727678571428562,12.928233225108215,7.57539682539683
2017-04-02,0.36643519198630375,36.83703816671598,58.049995639281356,6.963227513227512,14.854166666666675,7.8313492063492
2017-04-09,0.35095900171263905,33.57458807798482,71.14776295133437,5.824999999999998,14.26185966810967,7.1744047619047615
2017-04-16,0.3375859854250121,35.60137379227053,64.99008481597768,5.105357142857144,22.347601010101023,10.278769841269847
2017-04-23,0.3333531812109329,30.41593340234645,71.0447409733124,5.037830687830688,16.158775252525256,7.010515873015868
2017-04-30,0.32764550931111136,26.66367969289166,64.73195752660041,5.409193121693122,18.87310606060606,8.173611111111112
2017-05-07,0.3311309587520857,31.617225241545917,62.54837127158556,5.207076719576725,13.317821067821068,6.544047619047621
2017-05-14,0.2743386306992126,26.211976127737003,61.71221437292861,4.733465608465608,12.161628186628187,6.062202380952384
2017-05-21,0.2960317525500185,32.498037439613555,63.17364381650094,5.116203703703704,14.306998556998556,7.471825396825402
2017-05-28,0.28041667299315576,32.710584101888465,77.20271345717774,5.405406746031742,26.456700937950945,10.7390873015873
2017-06-04,0.2602976250861373,26.495492581090414,74.17327315541606,5.098015873015871,19.599476911976907,9.9890873015873
2017-06-11,0.27439484683348353,32.764282409274635,69.45739577882436,5.597978080120937,21.714898989899,9.631746031746024
2017-06-18,0.2775396877981072,37.749288302277435,78.19429181929183,5.899503968253969,30.891459235209247,13.229365079365087
2017-06-25,0.2820552304254044,34.54172058316082,74.82284580498869,5.644916855631143,28.525550144300137,12.124007936507942
2017-07-02,0.2335846602576713,18.30161965148379,62.849658773765896,5.148809523809524,11.469967532467532,4.931944444444444
2017-07-09,0.2734457709402752,31.56976500250956,55.33846807953953,5.749338624338624,20.666756854256853,8.107142857142861
2017-07-16,0.2540773858079716,41.847405538302276,68.24051543694402,5.335863095238093,26.63959686147186,11.561904761904767
2017-07-23,0.2330886296775173,30.312513724198517,74.44139194139196,4.81521164021164,23.35090187590188,9.323611111111113
2017-07-30,0.23744048137395146,34.2917205831608,62.303244374672936,5.422023809523809,21.902597402597408,8.886309523809526
2017-08-06,0.2381398864642337,31.484895539243368,65.21186551543697,5.7111111111111095,26.49765512265512,10.489087301587306
2017-08-13,0.2039550303954573,19.9919017425811,74.96271585557304,5.7751322751322745,15.478760822510825,5.784722222222222
2017-08-20,0.2504960370806869,27.27717391304348,72.54853479853476,6.388624338624343,28.31054292929295,11.156150793650797
2017-08-27,0.2698809587795818,34.121163106217445,57.72241845456132,6.771428571428576,31.61629689754691,11.978174603174605
2017-09-03,0.2617195828753725,28.071390339732734,55.42088566195707,6.549206349206347,13.089330808080813,7.489087301587302
2017-09-10,0.2825330746483313,29.90112793305729,59.854788069073756,6.569378306878309,14.80821608946609,8.463293650793648
2017-09-17,0.27899802169163845,31.75435155122655,47.297760770975096,6.606944444444448,12.318542568542568,5.425099206349206
2017-09-24,0.3720568848985725,48.63999956866805,50.90554683411824,6.7532407407407415,19.076975108225113,9.342063492063492
2017-10-01,0.3730820164631401,52.01118228088338,42.56619025815454,7.903472222222222,23.457702020202017,10.248015873015873
2017-10-08,0.3387119761436547,47.880024036953365,36.768958224315355,7.021759259259257,17.306773088023085,7.707539682539688
2017-10-15,0.4417757997222777,67.90958007873769,36.132658512122774,4.698363095238097,29.61998556998557,12.651984126984123
2017-10-22,0.3088095304334447,43.67584619486792,32.03757304203731,3.064814814814815,17.110434704184698,8.474206349206352
2017-10-29,0.4811904806027772,59.552794050756,27.241976277690554,5.190343915343914,19.31777597402597,9.743055555555552
2017-11-05,0.3708928637871784,45.32794168391997,31.05471611721611,5.411904761904767,15.612012987012987,8.774007936507937
2017-11-12,0.4155621754897453,50.9148658557626,30.555010465724763,6.801008597883599,12.353580447330453,7.137103174603173
2017-11-19,0.6089881003972282,72.77995600414077,16.67371467817896,9.201653439153436,21.799242424242426,12.761111111111115
2017-11-26,0.631739423112579,76.63561076604556,13.471431841967553,9.878571428571432,30.14298340548341,15.922222222222222
2017-12-03,0.4146296356587853,52.38183661145616,26.902145473574056,7.377910052910051,14.704500360750355,8.765873015873016
2017-12-10,0.5448545025725648,64.79816899585924,15.15117521367522,9.327116402116404,24.312996031746035,18.210317460317462
2017-12-17,0.366164027282564,43.932539682539684,29.657280219780226,5.989087301587305,9.649350649350653,5.987103174603171
2017-12-24,0.6669444486745215,76.10887700765424,11.119685374149654,10.173032407407405,23.709262265512265,16.089880952380955
2017-12-31,0.32041667328171786,33.784474206349216,30.663886708529567,4.447486772486771,9.780753968253963,7.046626984126978
2018-01-07,0.2848743452803878,29.760405883367845,38.06485478806907,4.1233465608465645,8.232791514041514,4.7403628117913845
2018-01-14,0.40029762535449626,50.70259661835747,22.741300366300372,5.664417989417988,14.382568820068816,9.656320861678005
2018-01-21,0.5092063546003328,61.841963893594354,15.482922335600914,7.475512566137563,19.41121864246864,12.136607142857144
2018-01-28,0.4191336042607431,44.52142641476879,27.971579016221877,7.2272486772486815,16.20296023421023,10.824404761904765
2018-02-04,0.4220899532072335,52.73545431018256,29.65309392987964,6.840839947089948,15.540598290598288,9.481859410430834
2018-02-11,0.3772552973216291,46.02364777432712,33.624967294610144,6.049603174603176,11.90769993894993,7.738095238095237
2018-02-18,0.37475529773574734,39.361112091411,33.933411826268966,5.846428571428572,14.945904789654794,9.703202947845805
2018-02-25,0.4016534457781485,45.68527864044167,42.380658032443726,6.821626984126984,13.452037545787544,8.373724489795913
2018-03-04,0.3805820173495227,46.510199040090335,43.35167560613988,5.621428571428571,11.399763431013431,7.585600907029478
2018-03-11,0.2963095301717874,34.13515786749482,52.1011904761905,4.24623015873016,8.001869658119656,4.957908163265306
2018-03-18,0.294801593757673,27.888630089717026,59.01240624454914,4.017129629629632,7.5856955544455555,4.138520408163264
2018-03-25,0.2981580753613597,28.84587430986888,64.70995225013078,4.483531746031746,9.119873182373183,5.140787981859412
2018-04-01,0.2661177310905365,25.57085215509129,60.896814495028785,5.266071428571426,8.885416666666666,5.020039682539684
2018-04-08,0.28727513907142194,32.39857229123534,56.607061093668214,5.084126984126983,11.413995726495733,5.9305555555555545
2018-04-15,0.26758929235003304,28.74528769841271,62.20338391766966,4.6092592592592565,7.36197136197136,4.521825396825398
2018-04-22,0.31145007290345234,33.394899107535004,59.431239891061324,4.398478835978835,26.412944694194678,10.719841269841274
2018-04-29,0.2789682601307513,31.450964419035078,57.43489447060876,4.046362433862436,26.63782051282051,10.554563492063485
2018-05-06,0.2368000061511994,20.91833333333333,68.30835164835166,3.828,6.766153846153848,3.326666666666666
